{
  "lang":"en",
  "name":"pipeline",
  "version":"0.0.0",
  "spacy_version":">=3.7.4,<3.8.0",
  "description":"",
  "author":"",
  "email":"",
  "url":"",
  "license":"",
  "spacy_git_version":"bff8725f4",
  "vectors":{
    "width":0,
    "vectors":0,
    "keys":0,
    "name":null,
    "mode":"default"
  },
  "labels":{
    "transformer":[

    ],
    "ner":[
      "College Name",
      "Companies worked at",
      "Degree",
      "Designation",
      "Email Address",
      "Graduation Year",
      "Location",
      "Name",
      "Skills",
      "UNKNOWN",
      "Years of Experience"
    ]
  },
  "pipeline":[
    "transformer",
    "ner"
  ],
  "components":[
    "transformer",
    "ner"
  ],
  "disabled":[

  ],
  "performance":{
    "ents_f":0.5212121212,
    "ents_p":0.5119047619,
    "ents_r":0.5308641975,
    "ents_per_type":{
      "Name":{
        "p":0.9090909091,
        "r":1.0,
        "f":0.9523809524
      },
      "Designation":{
        "p":0.4651162791,
        "r":0.6060606061,
        "f":0.5263157895
      },
      "Location":{
        "p":0.7826086957,
        "r":0.72,
        "f":0.75
      },
      "Email Address":{
        "p":0.75,
        "r":0.8333333333,
        "f":0.7894736842
      },
      "Years of Experience":{
        "p":0.5,
        "r":0.2,
        "f":0.2857142857
      },
      "Companies worked at":{
        "p":0.3421052632,
        "r":0.3023255814,
        "f":0.3209876543
      },
      "Degree":{
        "p":0.4411764706,
        "r":0.5555555556,
        "f":0.4918032787
      },
      "College Name":{
        "p":0.5172413793,
        "r":0.625,
        "f":0.5660377358
      },
      "Skills":{
        "p":0.375,
        "r":0.375,
        "f":0.375
      },
      "Graduation Year":{
        "p":0.2173913043,
        "r":0.1851851852,
        "f":0.2
      }
    },
    "transformer_loss":2779.4183372831,
    "ner_loss":14879.0003257231
  }
}